[
    {
        "retweets": [
            [
                {
                    "count": 1,
                    "location": {
                        "lat": -34.92862119999999,
                        "lng": 138.5999594
                    }
                },
                {
                    "count": 2,
                    "location": {
                        "lat": 52.3702157,
                        "lng": 4.895167900000001
                    }
                },
                {
                    "count": 2,
                    "location": {
                        "lat": 37.983917,
                        "lng": 23.7293599
                    }
                },
                {
                    "count": 1,
                    "location": {
                        "lat": 30.267153,
                        "lng": -97.7430608
                    }
                },
                {
                    "count": 1,
                    "location": {
                        "lat": 13.7278956,
                        "lng": 100.5241235
                    }
                },
                {
                    "count": 1,
                    "location": {
                        "lat": -14.235004,
                        "lng": -51.92528
                    }
                },
                {
                    "count": 1,
                    "location": {
                        "lat": 50.82253000000001,
                        "lng": -0.137163
                    }
                },
                {
                    "count": 1,
                    "location": {
                        "lat": 53.7266683,
                        "lng": -127.6476206
                    }
                },
                {
                    "count": 4,
                    "location": {
                        "lat": 10.4696404,
                        "lng": -66.8037185
                    }
                },
                {
                    "count": 1,
                    "location": {
                        "lat": 35.79154,
                        "lng": -78.7811169
                    }
                },
                {
                    "count": 1,
                    "location": {
                        "lat": 33.533333,
                        "lng": -7.583333
                    }
                },
                {
                    "count": 1,
                    "location": {
                        "lat": -29.85868039999999,
                        "lng": 31.0218404
                    }
                },
                {
                    "count": 1,
                    "location": {
                        "lat": 35.9940329,
                        "lng": -78.898619
                    }
                },
                {
                    "count": 2,
                    "location": {
                        "lat": -17.863889,
                        "lng": 31.029722
                    }
                },
                {
                    "count": 2,
                    "location": {
                        "lat": 41.00527,
                        "lng": 28.97696
                    }
                },
                {
                    "count": 1,
                    "location": {
                        "lat": -6.2087634,
                        "lng": 106.845599
                    }
                },
                {
                    "count": 2,
                    "location": {
                        "lat": 6.5243793,
                        "lng": 3.3792057
                    }
                },
                {
                    "count": 1,
                    "location": {
                        "lat": 46.0569465,
                        "lng": 14.5057515
                    }
                },
                {
                    "count": 1,
                    "location": {
                        "lat": 29.9840922,
                        "lng": -90.1528519
                    }
                },
                {
                    "count": 1,
                    "location": {
                        "lat": -1.2920659,
                        "lng": 36.8219462
                    }
                },
                {
                    "count": 1,
                    "location": {
                        "lat": 40.7127837,
                        "lng": -74.0059413
                    }
                },
                {
                    "count": 1,
                    "location": {
                        "lat": 48.856614,
                        "lng": 2.3522219
                    }
                },
                {
                    "count": 1,
                    "location": {
                        "lat": -25.746111,
                        "lng": 28.188056
                    }
                },
                {
                    "count": 1,
                    "location": {
                        "lat": -0.1806532,
                        "lng": -78.4678382
                    }
                },
                {
                    "count": 1,
                    "location": {
                        "lat": 41.8723889,
                        "lng": 12.4801802
                    }
                },
                {
                    "count": 1,
                    "location": {
                        "lat": -33.4691199,
                        "lng": -70.641997
                    }
                },
                {
                    "count": 1,
                    "location": {
                        "lat": 37.566535,
                        "lng": 126.9779692
                    }
                },
                {
                    "count": 1,
                    "location": {
                        "lat": 59.32932349999999,
                        "lng": 18.0685808
                    }
                },
                {
                    "count": 1,
                    "location": {
                        "lat": 52.1872472,
                        "lng": 0.9707800999999999
                    }
                }
            ]
        ]
    }
]
