[
    {
        "retweets": [
            [
                {
                    "count": 2,
                    "location": {
                        "lat": 43.0389025,
                        "lng": -87.9064736
                    }
                },
                {
                    "count": 3,
                    "location": {
                        "lat": 32.7801399,
                        "lng": -96.80045109999999
                    }
                },
                {
                    "count": 1,
                    "location": {
                        "lat": 36.4214066,
                        "lng": -116.4221616
                    }
                },
                {
                    "count": 1,
                    "location": {
                        "lat": 29.7601927,
                        "lng": -95.36938959999999
                    }
                },
                {
                    "count": 1,
                    "location": {
                        "lat": 30.267153,
                        "lng": -97.7430608
                    }
                },
                {
                    "count": 1,
                    "location": {
                        "lat": 36.166667,
                        "lng": -86.783333
                    }
                },
                {
                    "count": 1,
                    "location": {
                        "lat": 39.8964641,
                        "lng": -80.1792299
                    }
                },
                {
                    "count": 1,
                    "location": {
                        "lat": 44.4294089,
                        "lng": -93.20188259999999
                    }
                },
                {
                    "count": 1,
                    "location": {
                        "lat": 44.5895244,
                        "lng": -75.68428580000001
                    }
                },
                {
                    "count": 1,
                    "location": {
                        "lat": 44.38935559999999,
                        "lng": -79.6903316
                    }
                },
                {
                    "count": 1,
                    "location": {
                        "lat": 41.49932,
                        "lng": -81.6943605
                    }
                },
                {
                    "count": 7,
                    "location": {
                        "lat": 40.7127837,
                        "lng": -74.0059413
                    }
                },
                {
                    "count": 1,
                    "location": {
                        "lat": 40.9312099,
                        "lng": -73.89874689999999
                    }
                },
                {
                    "count": 1,
                    "location": {
                        "lat": 42.88644679999999,
                        "lng": -78.8783689
                    }
                },
                {
                    "count": 3,
                    "location": {
                        "lat": 48.9489967,
                        "lng": -57.95027260000001
                    }
                },
                {
                    "count": 1,
                    "location": {
                        "lat": 41.2523634,
                        "lng": -95.99798829999999
                    }
                },
                {
                    "count": 1,
                    "location": {
                        "lat": 39.7390721,
                        "lng": -75.5397878
                    }
                },
                {
                    "count": 1,
                    "location": {
                        "lat": 47.0225,
                        "lng": -65.508889
                    }
                },
                {
                    "count": 1,
                    "location": {
                        "lat": 42.491944,
                        "lng": -83.023889
                    }
                },
                {
                    "count": 2,
                    "location": {
                        "lat": 42.3584308,
                        "lng": -71.0597732
                    }
                },
                {
                    "count": 1,
                    "location": {
                        "lat": 51.015344,
                        "lng": -3.106849
                    }
                },
                {
                    "count": 3,
                    "location": {
                        "lat": 41.8781136,
                        "lng": -87.6297982
                    }
                },
                {
                    "count": 1,
                    "location": {
                        "lat": 33.7489954,
                        "lng": -84.3879824
                    }
                },
                {
                    "count": 1,
                    "location": {
                        "lat": 30.42130899999999,
                        "lng": -87.2169149
                    }
                },
                {
                    "count": 1,
                    "location": {
                        "lat": 26.640628,
                        "lng": -81.8723084
                    }
                },
                {
                    "count": 1,
                    "location": {
                        "lat": 41.0534302,
                        "lng": -73.5387341
                    }
                },
                {
                    "count": 1,
                    "location": {
                        "lat": 37.7749295,
                        "lng": -122.4194155
                    }
                },
                {
                    "count": 1,
                    "location": {
                        "lat": 32.715738,
                        "lng": -117.1610838
                    }
                },
                {
                    "count": 1,
                    "location": {
                        "lat": 38.5815719,
                        "lng": -121.4943996
                    }
                },
                {
                    "count": 1,
                    "location": {
                        "lat": 37.831316,
                        "lng": -122.2852473
                    }
                },
                {
                    "count": 1,
                    "location": {
                        "lat": 32.6858853,
                        "lng": -117.1830891
                    }
                },
                {
                    "count": 1,
                    "location": {
                        "lat": 38.0921692,
                        "lng": -122.2186866
                    }
                },
                {
                    "count": 1,
                    "location": {
                        "lat": 49.261226,
                        "lng": -123.1139268
                    }
                },
                {
                    "count": 1,
                    "location": {
                        "lat": 33.4483771,
                        "lng": -112.0740373
                    }
                },
                {
                    "count": 1,
                    "location": {
                        "lat": 35.2784173,
                        "lng": -93.1337856
                    }
                },
                {
                    "count": 1,
                    "location": {
                        "lat": 36.3320196,
                        "lng": -94.1185366
                    }
                },
                {
                    "count": 1,
                    "location": {
                        "lat": 32.3668052,
                        "lng": -86.2999689
                    }
                },
                {
                    "count": 1,
                    "location": {
                        "lat": 34.7303688,
                        "lng": -86.5861037
                    }
                },
                {
                    "count": 2,
                    "location": {
                        "lat": 40.0375832,
                        "lng": -75.3491813
                    }
                },
                {
                    "count": 1,
                    "location": {
                        "lat": 40.3831247,
                        "lng": -79.80643599999999
                    }
                },
                {
                    "count": 2,
                    "location": {
                        "lat": 45.5234515,
                        "lng": -122.6762071
                    }
                },
                {
                    "count": 1,
                    "location": {
                        "lat": 38.54678759999999,
                        "lng": -77.3366491
                    }
                },
                {
                    "count": 1,
                    "location": {
                        "lat": 35.9131996,
                        "lng": -79.0558445
                    }
                },
                {
                    "count": 1,
                    "location": {
                        "lat": 43.5407172,
                        "lng": -116.5634624
                    }
                },
                {
                    "count": 1,
                    "location": {
                        "lat": 43.6187102,
                        "lng": -116.2146068
                    }
                },
                {
                    "count": 1,
                    "location": {
                        "lat": 37.983917,
                        "lng": 23.7293599
                    }
                },
                {
                    "count": 1,
                    "location": {
                        "lat": 41.76371109999999,
                        "lng": -72.6850932
                    }
                },
                {
                    "count": 1,
                    "location": {
                        "lat": 41.394817,
                        "lng": -73.4540111
                    }
                },
                {
                    "count": 4,
                    "location": {
                        "lat": -0.1806532,
                        "lng": -78.4678382
                    }
                },
                {
                    "count": 2,
                    "location": {
                        "lat": 51.5073509,
                        "lng": -0.1277583
                    }
                },
                {
                    "count": 2,
                    "location": {
                        "lat": 53.3498053,
                        "lng": -6.2603097
                    }
                },
                {
                    "count": 1,
                    "location": {
                        "lat": -37.814107,
                        "lng": 144.96328
                    }
                },
                {
                    "count": 1,
                    "location": {
                        "lat": -33.8674869,
                        "lng": 151.2069902
                    }
                },
                {
                    "count": 1,
                    "location": {
                        "lat": 10.4696404,
                        "lng": -66.8037185
                    }
                },
                {
                    "count": 1,
                    "location": {
                        "lat": 37.4903793,
                        "lng": -82.4398707
                    }
                },
                {
                    "count": 1,
                    "location": {
                        "lat": 53.4807593,
                        "lng": -2.2426305
                    }
                },
                {
                    "count": 1,
                    "location": {
                        "lat": 3.139003,
                        "lng": 101.686855
                    }
                },
                {
                    "count": 1,
                    "location": {
                        "lat": 35.1801883,
                        "lng": 136.9065647
                    }
                },
                {
                    "count": 1,
                    "location": {
                        "lat": 53.1491175,
                        "lng": -6.0793414
                    }
                },
                {
                    "count": 1,
                    "location": {
                        "lat": 51.8968917,
                        "lng": -8.4863157
                    }
                },
                {
                    "count": 1,
                    "location": {
                        "lat": -2.990934,
                        "lng": 104.7565565
                    }
                },
                {
                    "count": 1,
                    "location": {
                        "lat": -14.235004,
                        "lng": -51.92528
                    }
                }
            ],
            [
                {
                    "count": 1,
                    "location": {
                        "lat": -37.814107,
                        "lng": 144.96328
                    }
                }
            ],
            [
                {
                    "count": 1,
                    "location": {
                        "lat": 30.627977,
                        "lng": -96.3344068
                    }
                },
                {
                    "count": 1,
                    "location": {
                        "lat": 40.44062479999999,
                        "lng": -79.9958864
                    }
                },
                {
                    "count": 3,
                    "location": {
                        "lat": 40.7127837,
                        "lng": -74.0059413
                    }
                },
                {
                    "count": 1,
                    "location": {
                        "lat": 39.011902,
                        "lng": -98.4842465
                    }
                },
                {
                    "count": 1,
                    "location": {
                        "lat": 37.7719074,
                        "lng": -87.1111676
                    }
                },
                {
                    "count": 1,
                    "location": {
                        "lat": 30.3571438,
                        "lng": -87.1638574
                    }
                },
                {
                    "count": 1,
                    "location": {
                        "lat": -0.1806532,
                        "lng": -78.4678382
                    }
                },
                {
                    "count": 1,
                    "location": {
                        "lat": 51.5073509,
                        "lng": -0.1277583
                    }
                },
                {
                    "count": 1,
                    "location": {
                        "lat": 53.3498053,
                        "lng": -6.2603097
                    }
                },
                {
                    "count": 1,
                    "location": {
                        "lat": -33.8674869,
                        "lng": 151.2069902
                    }
                },
                {
                    "count": 1,
                    "location": {
                        "lat": 41.306667,
                        "lng": -75.32
                    }
                }
            ]
        ]
    }
]
