[
    {
        "retweets": [
            [
                {
                    "count": 1,
                    "location": {
                        "lat": 10.183056,
                        "lng": -67.45
                    }
                },
                {
                    "count": 1,
                    "location": {
                        "lat": 29.7601927,
                        "lng": -95.36938959999999
                    }
                },
                {
                    "count": 1,
                    "location": {
                        "lat": 40.4167754,
                        "lng": -3.7037902
                    }
                },
                {
                    "count": 2,
                    "location": {
                        "lat": 10.633333,
                        "lng": -71.633333
                    }
                },
                {
                    "count": 2,
                    "location": {
                        "lat": 10.246944,
                        "lng": -67.596111
                    }
                },
                {
                    "count": 1,
                    "location": {
                        "lat": -0.1806532,
                        "lng": -78.4678382
                    }
                },
                {
                    "count": 1,
                    "location": {
                        "lat": -33.4691199,
                        "lng": -70.641997
                    }
                }
            ],
            [
                {
                    "count": 33,
                    "location": {
                        "lat": 10.4696404,
                        "lng": -66.8037185
                    }
                },
                {
                    "count": 1,
                    "location": {
                        "lat": 25.7890972,
                        "lng": -80.2040435
                    }
                },
                {
                    "count": 1,
                    "location": {
                        "lat": 10.417644,
                        "lng": -68.7154975
                    }
                }
            ]
        ]
    }
]
