[
    {
        "retweets": [
            [
                {
                    "count": 1,
                    "location": {
                        "lat": 4.598056000000001,
                        "lng": -74.075833
                    }
                },
                {
                    "count": 2,
                    "location": {
                        "lat": -0.1806532,
                        "lng": -78.4678382
                    }
                },
                {
                    "count": 1,
                    "location": {
                        "lat": 53.9163386,
                        "lng": 10.6854143
                    }
                },
                {
                    "count": 1,
                    "location": {
                        "lat": 56.49067119999999,
                        "lng": -4.2026458
                    }
                },
                {
                    "count": 1,
                    "location": {
                        "lat": 41.8781136,
                        "lng": -87.6297982
                    }
                },
                {
                    "count": 1,
                    "location": {
                        "lat": 47.9789848,
                        "lng": -122.2020794
                    }
                },
                {
                    "count": 1,
                    "location": {
                        "lat": 39.2369971,
                        "lng": -85.0946809
                    }
                },
                {
                    "count": 1,
                    "location": {
                        "lat": 38.6270025,
                        "lng": -90.19940419999999
                    }
                },
                {
                    "count": 1,
                    "location": {
                        "lat": 28.1761233,
                        "lng": -80.59005189999999
                    }
                },
                {
                    "count": 1,
                    "location": {
                        "lat": 34.1477849,
                        "lng": -118.1445155
                    }
                },
                {
                    "count": 1,
                    "location": {
                        "lat": 45.4215296,
                        "lng": -75.69719309999999
                    }
                },
                {
                    "count": 1,
                    "location": {
                        "lat": 26.1420358,
                        "lng": -81.7948103
                    }
                },
                {
                    "count": 1,
                    "location": {
                        "lat": 35.3395079,
                        "lng": -97.48670279999999
                    }
                },
                {
                    "count": 1,
                    "location": {
                        "lat": 38.2526647,
                        "lng": -85.7584557
                    }
                },
                {
                    "count": 1,
                    "location": {
                        "lat": 39.0997265,
                        "lng": -94.5785667
                    }
                },
                {
                    "count": 1,
                    "location": {
                        "lat": 36.0395247,
                        "lng": -114.9817213
                    }
                },
                {
                    "count": 1,
                    "location": {
                        "lat": 41.4886892,
                        "lng": -75.70852479999999
                    }
                },
                {
                    "count": 1,
                    "location": {
                        "lat": 32.7764749,
                        "lng": -79.93105120000001
                    }
                },
                {
                    "count": 1,
                    "location": {
                        "lat": 34.39888380000001,
                        "lng": -119.5184564
                    }
                },
                {
                    "count": 1,
                    "location": {
                        "lat": 47.4514588,
                        "lng": -122.826946
                    }
                },
                {
                    "count": 1,
                    "location": {
                        "lat": 29.7601927,
                        "lng": -95.36938959999999
                    }
                },
                {
                    "count": 1,
                    "location": {
                        "lat": 34.0522342,
                        "lng": -118.2436849
                    }
                }
            ],
            [
                {
                    "count": 1,
                    "location": {
                        "lat": 52.3702157,
                        "lng": 4.895167900000001
                    }
                },
                {
                    "count": 3,
                    "location": {
                        "lat": 54.978252,
                        "lng": -1.61778
                    }
                },
                {
                    "count": 1,
                    "location": {
                        "lat": 40.7891424,
                        "lng": -73.13496049999999
                    }
                },
                {
                    "count": 1,
                    "location": {
                        "lat": 23.129163,
                        "lng": 113.264435
                    }
                }
            ]
        ]
    }
]
