[
    {
        "retweets": [
            [
                {
                    "count": 1,
                    "location": {
                        "lat": 45.5086699,
                        "lng": -73.55399249999999
                    }
                },
                {
                    "count": 2,
                    "location": {
                        "lat": 23.2494148,
                        "lng": -106.4111425
                    }
                },
                {
                    "count": 1,
                    "location": {
                        "lat": -36.8484597,
                        "lng": 174.7633315
                    }
                },
                {
                    "count": 2,
                    "location": {
                        "lat": -31.5272732,
                        "lng": -68.5214081
                    }
                },
                {
                    "count": 1,
                    "location": {
                        "lat": -33.8674869,
                        "lng": 151.2069902
                    }
                },
                {
                    "count": 1,
                    "location": {
                        "lat": -8.0475458,
                        "lng": -34.8769621
                    }
                },
                {
                    "count": 1,
                    "location": {
                        "lat": 43.5448048,
                        "lng": -80.24816659999999
                    }
                },
                {
                    "count": 1,
                    "location": {
                        "lat": 4.598056000000001,
                        "lng": -74.075833
                    }
                },
                {
                    "count": 6,
                    "location": {
                        "lat": -0.1806532,
                        "lng": -78.4678382
                    }
                },
                {
                    "count": 1,
                    "location": {
                        "lat": 30.0444196,
                        "lng": 31.2357116
                    }
                },
                {
                    "count": 1,
                    "location": {
                        "lat": 52.52000659999999,
                        "lng": 13.404954
                    }
                },
                {
                    "count": 1,
                    "location": {
                        "lat": 22.396428,
                        "lng": 114.109497
                    }
                },
                {
                    "count": 1,
                    "location": {
                        "lat": -6.2087634,
                        "lng": 106.845599
                    }
                },
                {
                    "count": 1,
                    "location": {
                        "lat": 35.696111,
                        "lng": 51.423056
                    }
                },
                {
                    "count": 1,
                    "location": {
                        "lat": 37.566535,
                        "lng": 126.9779692
                    }
                },
                {
                    "count": 1,
                    "location": {
                        "lat": 25.6866142,
                        "lng": -100.3161126
                    }
                },
                {
                    "count": 1,
                    "location": {
                        "lat": 33.533333,
                        "lng": -7.583333
                    }
                },
                {
                    "count": 1,
                    "location": {
                        "lat": 6.4589849,
                        "lng": 3.6015207
                    }
                },
                {
                    "count": 1,
                    "location": {
                        "lat": 63.4305149,
                        "lng": 10.3950528
                    }
                },
                {
                    "count": 1,
                    "location": {
                        "lat": 14.5995124,
                        "lng": 120.9842195
                    }
                },
                {
                    "count": 1,
                    "location": {
                        "lat": 14.554729,
                        "lng": 121.0244452
                    }
                },
                {
                    "count": 2,
                    "location": {
                        "lat": 43.318334,
                        "lng": -1.9812313
                    }
                },
                {
                    "count": 1,
                    "location": {
                        "lat": 55.755826,
                        "lng": 37.6173
                    }
                },
                {
                    "count": 1,
                    "location": {
                        "lat": 54.716667,
                        "lng": 20.516667
                    }
                },
                {
                    "count": 1,
                    "location": {
                        "lat": 38.5815719,
                        "lng": -121.4943996
                    }
                },
                {
                    "count": 2,
                    "location": {
                        "lat": 51.5073509,
                        "lng": -0.1277583
                    }
                },
                {
                    "count": 1,
                    "location": {
                        "lat": 55.864237,
                        "lng": -4.251806
                    }
                },
                {
                    "count": 1,
                    "location": {
                        "lat": 55.953252,
                        "lng": -3.188267
                    }
                },
                {
                    "count": 1,
                    "location": {
                        "lat": 50.82253000000001,
                        "lng": -0.137163
                    }
                },
                {
                    "count": 2,
                    "location": {
                        "lat": 24.466667,
                        "lng": 54.36666700000001
                    }
                },
                {
                    "count": 1,
                    "location": {
                        "lat": 39.1434406,
                        "lng": -77.2013705
                    }
                },
                {
                    "count": 1,
                    "location": {
                        "lat": 52.091667,
                        "lng": 5.117777999999999
                    }
                },
                {
                    "count": 1,
                    "location": {
                        "lat": 41.9242917,
                        "lng": -72.6454469
                    }
                },
                {
                    "count": 1,
                    "location": {
                        "lat": 35.7212689,
                        "lng": -77.9155395
                    }
                },
                {
                    "count": 1,
                    "location": {
                        "lat": 39.7390721,
                        "lng": -75.5397878
                    }
                },
                {
                    "count": 1,
                    "location": {
                        "lat": 43.0400626,
                        "lng": -77.66166849999999
                    }
                },
                {
                    "count": 7,
                    "location": {
                        "lat": 39.11784480000001,
                        "lng": -77.2019748
                    }
                },
                {
                    "count": 1,
                    "location": {
                        "lat": 36.1539816,
                        "lng": -95.99277500000001
                    }
                },
                {
                    "count": 1,
                    "location": {
                        "lat": 27.950575,
                        "lng": -82.4571776
                    }
                },
                {
                    "count": 1,
                    "location": {
                        "lat": 30.4382559,
                        "lng": -84.28073289999999
                    }
                },
                {
                    "count": 2,
                    "location": {
                        "lat": 38.6270025,
                        "lng": -90.19940419999999
                    }
                },
                {
                    "count": 1,
                    "location": {
                        "lat": 47.6587802,
                        "lng": -117.4260466
                    }
                },
                {
                    "count": 1,
                    "location": {
                        "lat": 35.6204121,
                        "lng": -80.9864655
                    }
                },
                {
                    "count": 1,
                    "location": {
                        "lat": 27.816415,
                        "lng": -80.4706078
                    }
                },
                {
                    "count": 1,
                    "location": {
                        "lat": 47.6062095,
                        "lng": -122.3320708
                    }
                },
                {
                    "count": 1,
                    "location": {
                        "lat": 42.4651421,
                        "lng": -71.0110473
                    }
                },
                {
                    "count": 1,
                    "location": {
                        "lat": 37.7749295,
                        "lng": -122.4194155
                    }
                },
                {
                    "count": 1,
                    "location": {
                        "lat": 32.715738,
                        "lng": -117.1610838
                    }
                },
                {
                    "count": 1,
                    "location": {
                        "lat": 38.7521235,
                        "lng": -121.2880059
                    }
                },
                {
                    "count": 1,
                    "location": {
                        "lat": 35.7795897,
                        "lng": -78.6381787
                    }
                },
                {
                    "count": 1,
                    "location": {
                        "lat": 47.1853785,
                        "lng": -122.2928974
                    }
                },
                {
                    "count": 1,
                    "location": {
                        "lat": 41.8239891,
                        "lng": -71.4128343
                    }
                },
                {
                    "count": 1,
                    "location": {
                        "lat": 50.3754565,
                        "lng": -4.1426565
                    }
                },
                {
                    "count": 2,
                    "location": {
                        "lat": 33.0198431,
                        "lng": -96.6988856
                    }
                },
                {
                    "count": 4,
                    "location": {
                        "lat": 40.44062479999999,
                        "lng": -79.9958864
                    }
                },
                {
                    "count": 1,
                    "location": {
                        "lat": 34.1477849,
                        "lng": -118.1445155
                    }
                },
                {
                    "count": 4,
                    "location": {
                        "lat": 28.5383355,
                        "lng": -81.3792365
                    }
                },
                {
                    "count": 1,
                    "location": {
                        "lat": 41.2523634,
                        "lng": -95.99798829999999
                    }
                },
                {
                    "count": 9,
                    "location": {
                        "lat": 40.7127837,
                        "lng": -74.0059413
                    }
                },
                {
                    "count": 1,
                    "location": {
                        "lat": 41.2042616,
                        "lng": -73.72707609999999
                    }
                },
                {
                    "count": 1,
                    "location": {
                        "lat": 37.4529598,
                        "lng": -122.1817252
                    }
                },
                {
                    "count": 1,
                    "location": {
                        "lat": 38.2526647,
                        "lng": -85.7584557
                    }
                },
                {
                    "count": 5,
                    "location": {
                        "lat": 34.0522342,
                        "lng": -118.2436849
                    }
                },
                {
                    "count": 2,
                    "location": {
                        "lat": 40.7891424,
                        "lng": -73.13496049999999
                    }
                },
                {
                    "count": 1,
                    "location": {
                        "lat": 40.809722,
                        "lng": -96.67527799999999
                    }
                },
                {
                    "count": 1,
                    "location": {
                        "lat": 38.0405837,
                        "lng": -84.5037164
                    }
                },
                {
                    "count": 5,
                    "location": {
                        "lat": 36.1699412,
                        "lng": -115.1398296
                    }
                },
                {
                    "count": 1,
                    "location": {
                        "lat": 18.109581,
                        "lng": -77.297508
                    }
                },
                {
                    "count": 1,
                    "location": {
                        "lat": 27.8960019,
                        "lng": -82.84656100000001
                    }
                },
                {
                    "count": 1,
                    "location": {
                        "lat": 34.7303688,
                        "lng": -86.5861037
                    }
                },
                {
                    "count": 2,
                    "location": {
                        "lat": 29.7601927,
                        "lng": -95.36938959999999
                    }
                },
                {
                    "count": 1,
                    "location": {
                        "lat": -32.4268303,
                        "lng": -63.730423
                    }
                },
                {
                    "count": 1,
                    "location": {
                        "lat": 41.76371109999999,
                        "lng": -72.6850932
                    }
                },
                {
                    "count": 1,
                    "location": {
                        "lat": 51.48257659999999,
                        "lng": -0.0076589
                    }
                },
                {
                    "count": 1,
                    "location": {
                        "lat": 36.0726354,
                        "lng": -79.7919754
                    }
                },
                {
                    "count": 1,
                    "location": {
                        "lat": 42.9633599,
                        "lng": -85.6680863
                    }
                },
                {
                    "count": 1,
                    "location": {
                        "lat": -29.6911226,
                        "lng": 152.9331993
                    }
                },
                {
                    "count": 1,
                    "location": {
                        "lat": 34.3267653,
                        "lng": -93.5507428
                    }
                },
                {
                    "count": 1,
                    "location": {
                        "lat": 50.2733101,
                        "lng": 7.262066099999999
                    }
                },
                {
                    "count": 1,
                    "location": {
                        "lat": 32.7554883,
                        "lng": -97.3307658
                    }
                },
                {
                    "count": 1,
                    "location": {
                        "lat": 55.953252,
                        "lng": -3.188267
                    }
                },
                {
                    "count": 2,
                    "location": {
                        "lat": 42.331427,
                        "lng": -83.0457538
                    }
                },
                {
                    "count": 2,
                    "location": {
                        "lat": 39.737567,
                        "lng": -104.9847179
                    }
                },
                {
                    "count": 4,
                    "location": {
                        "lat": 32.7801399,
                        "lng": -96.80045109999999
                    }
                },
                {
                    "count": 1,
                    "location": {
                        "lat": 35.4868032,
                        "lng": -80.86007359999999
                    }
                },
                {
                    "count": 2,
                    "location": {
                        "lat": 39.9611755,
                        "lng": -82.99879419999999
                    }
                },
                {
                    "count": 1,
                    "location": {
                        "lat": 39.9611755,
                        "lng": -82.99879419999999
                    }
                },
                {
                    "count": 1,
                    "location": {
                        "lat": 4.570868,
                        "lng": -74.297333
                    }
                },
                {
                    "count": 8,
                    "location": {
                        "lat": 41.8781136,
                        "lng": -87.6297982
                    }
                },
                {
                    "count": 1,
                    "location": {
                        "lat": 35.0456297,
                        "lng": -85.3096801
                    }
                },
                {
                    "count": 1,
                    "location": {
                        "lat": 41.9778795,
                        "lng": -91.6656232
                    }
                },
                {
                    "count": 2,
                    "location": {
                        "lat": 10.4696404,
                        "lng": -66.8037185
                    }
                },
                {
                    "count": 3,
                    "location": {
                        "lat": 40.6781784,
                        "lng": -73.9441579
                    }
                },
                {
                    "count": 1,
                    "location": {
                        "lat": 40.0149856,
                        "lng": -105.2705456
                    }
                },
                {
                    "count": 3,
                    "location": {
                        "lat": 42.3584308,
                        "lng": -71.0597732
                    }
                },
                {
                    "count": 1,
                    "location": {
                        "lat": 40.1523309,
                        "lng": -75.26628900000001
                    }
                },
                {
                    "count": 2,
                    "location": {
                        "lat": 33.5206608,
                        "lng": -86.80248999999999
                    }
                },
                {
                    "count": 1,
                    "location": {
                        "lat": 40.6259316,
                        "lng": -75.37045789999999
                    }
                },
                {
                    "count": 1,
                    "location": {
                        "lat": 39.2903848,
                        "lng": -76.6121893
                    }
                },
                {
                    "count": 1,
                    "location": {
                        "lat": 30.267153,
                        "lng": -97.7430608
                    }
                },
                {
                    "count": 1,
                    "location": {
                        "lat": 39.7294319,
                        "lng": -104.8319195
                    }
                },
                {
                    "count": 1,
                    "location": {
                        "lat": 37.983917,
                        "lng": 23.7293599
                    }
                },
                {
                    "count": 1,
                    "location": {
                        "lat": 42.2808256,
                        "lng": -83.7430378
                    }
                },
                {
                    "count": 1,
                    "location": {
                        "lat": -11.202692,
                        "lng": 17.873887
                    }
                },
                {
                    "count": 1,
                    "location": {
                        "lat": 41.6639383,
                        "lng": -83.55521200000001
                    }
                }
            ],
            [
                {
                    "count": 1,
                    "location": {
                        "lat": 51.0453246,
                        "lng": -114.0581012
                    }
                },
                {
                    "count": 1,
                    "location": {
                        "lat": 40.9130748,
                        "lng": 14.4787055
                    }
                },
                {
                    "count": 1,
                    "location": {
                        "lat": 18.3724507,
                        "lng": -65.7165511
                    }
                },
                {
                    "count": 1,
                    "location": {
                        "lat": -33.8674869,
                        "lng": 151.2069902
                    }
                },
                {
                    "count": 2,
                    "location": {
                        "lat": -14.235004,
                        "lng": -51.92528
                    }
                },
                {
                    "count": 1,
                    "location": {
                        "lat": -22.9082998,
                        "lng": -43.1970773
                    }
                },
                {
                    "count": 1,
                    "location": {
                        "lat": 52.1332144,
                        "lng": -106.6700458
                    }
                },
                {
                    "count": 1,
                    "location": {
                        "lat": 42.974536,
                        "lng": -82.4065901
                    }
                },
                {
                    "count": 1,
                    "location": {
                        "lat": 45.4215296,
                        "lng": -75.69719309999999
                    }
                },
                {
                    "count": 1,
                    "location": {
                        "lat": 47.902964,
                        "lng": 1.909251
                    }
                },
                {
                    "count": 1,
                    "location": {
                        "lat": 43.25002080000001,
                        "lng": -79.8660914
                    }
                },
                {
                    "count": 1,
                    "location": {
                        "lat": 53.9332706,
                        "lng": -116.5765035
                    }
                },
                {
                    "count": 1,
                    "location": {
                        "lat": 34.7659145,
                        "lng": -84.7699385
                    }
                },
                {
                    "count": 1,
                    "location": {
                        "lat": -33.4691199,
                        "lng": -70.641997
                    }
                },
                {
                    "count": 1,
                    "location": {
                        "lat": 39.90403,
                        "lng": 116.407526
                    }
                },
                {
                    "count": 1,
                    "location": {
                        "lat": 11.241944,
                        "lng": -74.20527799999999
                    }
                },
                {
                    "count": 2,
                    "location": {
                        "lat": 4.598056000000001,
                        "lng": -74.075833
                    }
                },
                {
                    "count": 21,
                    "location": {
                        "lat": -0.1806532,
                        "lng": -78.4678382
                    }
                },
                {
                    "count": 8,
                    "location": {
                        "lat": 20.7983626,
                        "lng": -156.3319253
                    }
                },
                {
                    "count": 1,
                    "location": {
                        "lat": 19.0759837,
                        "lng": 72.8776559
                    }
                },
                {
                    "count": 2,
                    "location": {
                        "lat": 41.8723889,
                        "lng": 12.4801802
                    }
                },
                {
                    "count": 2,
                    "location": {
                        "lat": 35.6894875,
                        "lng": 139.6917064
                    }
                },
                {
                    "count": 1,
                    "location": {
                        "lat": 43.2775,
                        "lng": 76.895833
                    }
                },
                {
                    "count": 1,
                    "location": {
                        "lat": 37.566535,
                        "lng": 126.9779692
                    }
                },
                {
                    "count": 1,
                    "location": {
                        "lat": 19.4326077,
                        "lng": -99.133208
                    }
                },
                {
                    "count": 1,
                    "location": {
                        "lat": 33.533333,
                        "lng": -7.583333
                    }
                },
                {
                    "count": 1,
                    "location": {
                        "lat": -0.023559,
                        "lng": 37.906193
                    }
                },
                {
                    "count": 1,
                    "location": {
                        "lat": -41.2864603,
                        "lng": 174.776236
                    }
                },
                {
                    "count": 2,
                    "location": {
                        "lat": 9.066666999999999,
                        "lng": 7.483333000000001
                    }
                },
                {
                    "count": 1,
                    "location": {
                        "lat": 33.7293882,
                        "lng": 73.0931461
                    }
                },
                {
                    "count": 1,
                    "location": {
                        "lat": 25.0465658,
                        "lng": 121.5488669
                    }
                },
                {
                    "count": 1,
                    "location": {
                        "lat": 38.7222524,
                        "lng": -9.1393366
                    }
                },
                {
                    "count": 2,
                    "location": {
                        "lat": 45.4654219,
                        "lng": 9.1859243
                    }
                },
                {
                    "count": 1,
                    "location": {
                        "lat": 52.28697409999999,
                        "lng": 104.3050183
                    }
                },
                {
                    "count": 1,
                    "location": {
                        "lat": 40.7607793,
                        "lng": -111.8910474
                    }
                },
                {
                    "count": 1,
                    "location": {
                        "lat": 32.715738,
                        "lng": -117.1610838
                    }
                },
                {
                    "count": 2,
                    "location": {
                        "lat": 37.3393857,
                        "lng": -121.8949555
                    }
                },
                {
                    "count": 1,
                    "location": {
                        "lat": 24.633333,
                        "lng": 46.716667
                    }
                },
                {
                    "count": 2,
                    "location": {
                        "lat": 21.543333,
                        "lng": 39.17277800000001
                    }
                },
                {
                    "count": 1,
                    "location": {
                        "lat": 44.816667,
                        "lng": 20.466667
                    }
                },
                {
                    "count": 1,
                    "location": {
                        "lat": 40.4167754,
                        "lng": -3.7037902
                    }
                },
                {
                    "count": 1,
                    "location": {
                        "lat": 46.1983922,
                        "lng": 6.142296099999999
                    }
                },
                {
                    "count": 2,
                    "location": {
                        "lat": 13.7278956,
                        "lng": 100.5241235
                    }
                },
                {
                    "count": 1,
                    "location": {
                        "lat": 52.3702157,
                        "lng": 4.895167900000001
                    }
                },
                {
                    "count": 1,
                    "location": {
                        "lat": 41.00527,
                        "lng": 28.97696
                    }
                },
                {
                    "count": 4,
                    "location": {
                        "lat": 51.5073509,
                        "lng": -0.1277583
                    }
                },
                {
                    "count": 1,
                    "location": {
                        "lat": 55.953252,
                        "lng": -3.188267
                    }
                },
                {
                    "count": 1,
                    "location": {
                        "lat": 39.5296329,
                        "lng": -119.8138027
                    }
                },
                {
                    "count": 2,
                    "location": {
                        "lat": 41.8239891,
                        "lng": -71.4128343
                    }
                },
                {
                    "count": 2,
                    "location": {
                        "lat": 45.5234515,
                        "lng": -122.6762071
                    }
                },
                {
                    "count": 1,
                    "location": {
                        "lat": 35.4675602,
                        "lng": -97.5164276
                    }
                },
                {
                    "count": 1,
                    "location": {
                        "lat": 39.7390721,
                        "lng": -75.5397878
                    }
                },
                {
                    "count": 2,
                    "location": {
                        "lat": 47.7542651,
                        "lng": -122.1634582
                    }
                },
                {
                    "count": 1,
                    "location": {
                        "lat": 40.6028419,
                        "lng": -80.64896279999999
                    }
                },
                {
                    "count": 14,
                    "location": {
                        "lat": 39.11784480000001,
                        "lng": -77.2019748
                    }
                },
                {
                    "count": 1,
                    "location": {
                        "lat": 52.28231599999999,
                        "lng": -1.584927
                    }
                },
                {
                    "count": 1,
                    "location": {
                        "lat": 42.7794417,
                        "lng": -96.9292104
                    }
                },
                {
                    "count": 1,
                    "location": {
                        "lat": 33.2098407,
                        "lng": -87.56917349999999
                    }
                },
                {
                    "count": 1,
                    "location": {
                        "lat": 36.1539816,
                        "lng": -95.99277500000001
                    }
                },
                {
                    "count": 3,
                    "location": {
                        "lat": 27.950575,
                        "lng": -82.4571776
                    }
                },
                {
                    "count": 2,
                    "location": {
                        "lat": 43.0481221,
                        "lng": -76.14742439999999
                    }
                },
                {
                    "count": 2,
                    "location": {
                        "lat": 38.6270025,
                        "lng": -90.19940419999999
                    }
                },
                {
                    "count": 1,
                    "location": {
                        "lat": 38.29275579999999,
                        "lng": -78.6795836
                    }
                },
                {
                    "count": 1,
                    "location": {
                        "lat": 34.6176032,
                        "lng": -89.96870109999999
                    }
                },
                {
                    "count": 1,
                    "location": {
                        "lat": 47.6062095,
                        "lng": -122.3320708
                    }
                },
                {
                    "count": 1,
                    "location": {
                        "lat": 41.408969,
                        "lng": -75.66241219999999
                    }
                },
                {
                    "count": 1,
                    "location": {
                        "lat": 34.4208305,
                        "lng": -119.6981901
                    }
                },
                {
                    "count": 1,
                    "location": {
                        "lat": 37.7749295,
                        "lng": -122.4194155
                    }
                },
                {
                    "count": 1,
                    "location": {
                        "lat": 29.4241219,
                        "lng": -98.49362819999999
                    }
                },
                {
                    "count": 1,
                    "location": {
                        "lat": 38.5815719,
                        "lng": -121.4943996
                    }
                },
                {
                    "count": 1,
                    "location": {
                        "lat": 33.9533487,
                        "lng": -117.3961564
                    }
                },
                {
                    "count": 1,
                    "location": {
                        "lat": 34.10639889999999,
                        "lng": -117.5931084
                    }
                },
                {
                    "count": 3,
                    "location": {
                        "lat": 40.7557777,
                        "lng": -73.94518470000001
                    }
                },
                {
                    "count": 1,
                    "location": {
                        "lat": 55.907092,
                        "lng": -4.8744995
                    }
                },
                {
                    "count": 3,
                    "location": {
                        "lat": 40.44062479999999,
                        "lng": -79.9958864
                    }
                },
                {
                    "count": 3,
                    "location": {
                        "lat": 33.4483771,
                        "lng": -112.0740373
                    }
                },
                {
                    "count": 4,
                    "location": {
                        "lat": 39.952335,
                        "lng": -75.16378900000001
                    }
                },
                {
                    "count": 1,
                    "location": {
                        "lat": -9.189967,
                        "lng": -75.015152
                    }
                },
                {
                    "count": 1,
                    "location": {
                        "lat": 30.42130899999999,
                        "lng": -87.2169149
                    }
                },
                {
                    "count": 1,
                    "location": {
                        "lat": 38.71917639999999,
                        "lng": -94.4585625
                    }
                },
                {
                    "count": 1,
                    "location": {
                        "lat": 34.1477849,
                        "lng": -118.1445155
                    }
                },
                {
                    "count": 1,
                    "location": {
                        "lat": 26.7056206,
                        "lng": -80.0364297
                    }
                },
                {
                    "count": 1,
                    "location": {
                        "lat": 51.7520209,
                        "lng": -1.2577263
                    }
                },
                {
                    "count": 1,
                    "location": {
                        "lat": 38.9822282,
                        "lng": -94.6707917
                    }
                },
                {
                    "count": 2,
                    "location": {
                        "lat": 28.5383355,
                        "lng": -81.3792365
                    }
                },
                {
                    "count": 3,
                    "location": {
                        "lat": 41.2523634,
                        "lng": -95.99798829999999
                    }
                },
                {
                    "count": 2,
                    "location": {
                        "lat": 33.1958696,
                        "lng": -117.3794834
                    }
                },
                {
                    "count": 1,
                    "location": {
                        "lat": 39.0445535,
                        "lng": -77.11886779999999
                    }
                },
                {
                    "count": 1,
                    "location": {
                        "lat": 36.8507689,
                        "lng": -76.28587259999999
                    }
                },
                {
                    "count": 1,
                    "location": {
                        "lat": 51.401409,
                        "lng": -1.3231139
                    }
                },
                {
                    "count": 9,
                    "location": {
                        "lat": 40.7127837,
                        "lng": -74.0059413
                    }
                },
                {
                    "count": 4,
                    "location": {
                        "lat": 29.95106579999999,
                        "lng": -90.0715323
                    }
                },
                {
                    "count": 1,
                    "location": {
                        "lat": 43.1938516,
                        "lng": -71.5723953
                    }
                },
                {
                    "count": 2,
                    "location": {
                        "lat": 36.166667,
                        "lng": -86.783333
                    }
                },
                {
                    "count": 1,
                    "location": {
                        "lat": 33.6890603,
                        "lng": -78.8866943
                    }
                },
                {
                    "count": 1,
                    "location": {
                        "lat": 40.79676670000001,
                        "lng": -74.4815438
                    }
                },
                {
                    "count": 3,
                    "location": {
                        "lat": 39.629526,
                        "lng": -79.95589679999999
                    }
                },
                {
                    "count": 2,
                    "location": {
                        "lat": 44.983334,
                        "lng": -93.26666999999999
                    }
                },
                {
                    "count": 1,
                    "location": {
                        "lat": 39.0574783,
                        "lng": -76.64858219999999
                    }
                },
                {
                    "count": 5,
                    "location": {
                        "lat": 25.7890972,
                        "lng": -80.2040435
                    }
                },
                {
                    "count": 1,
                    "location": {
                        "lat": 43.224167,
                        "lng": -87.96
                    }
                },
                {
                    "count": 1,
                    "location": {
                        "lat": 24.466667,
                        "lng": 39.6
                    }
                },
                {
                    "count": 1,
                    "location": {
                        "lat": 33.1972465,
                        "lng": -96.6397822
                    }
                },
                {
                    "count": 1,
                    "location": {
                        "lat": 40.75839,
                        "lng": -82.5154471
                    }
                },
                {
                    "count": 1,
                    "location": {
                        "lat": 43.0730517,
                        "lng": -89.4012302
                    }
                },
                {
                    "count": 1,
                    "location": {
                        "lat": 40.4592076,
                        "lng": -90.67179709999999
                    }
                },
                {
                    "count": 3,
                    "location": {
                        "lat": 34.0522342,
                        "lng": -118.2436849
                    }
                },
                {
                    "count": 3,
                    "location": {
                        "lat": 40.7891424,
                        "lng": -73.13496049999999
                    }
                },
                {
                    "count": 1,
                    "location": {
                        "lat": 41.7369803,
                        "lng": -111.8338359
                    }
                },
                {
                    "count": 1,
                    "location": {
                        "lat": 40.809722,
                        "lng": -96.67527799999999
                    }
                },
                {
                    "count": 1,
                    "location": {
                        "lat": 30.1633593,
                        "lng": -94.81059549999999
                    }
                },
                {
                    "count": 3,
                    "location": {
                        "lat": 36.1699412,
                        "lng": -115.1398296
                    }
                },
                {
                    "count": 1,
                    "location": {
                        "lat": 39.0968493,
                        "lng": -120.0323507
                    }
                },
                {
                    "count": 3,
                    "location": {
                        "lat": 39.768403,
                        "lng": -86.158068
                    }
                },
                {
                    "count": 1,
                    "location": {
                        "lat": 38.9559442,
                        "lng": -76.9455301
                    }
                },
                {
                    "count": 9,
                    "location": {
                        "lat": 29.7601927,
                        "lng": -95.36938959999999
                    }
                },
                {
                    "count": 1,
                    "location": {
                        "lat": 39.7876112,
                        "lng": -75.6966001
                    }
                },
                {
                    "count": 1,
                    "location": {
                        "lat": 41.76371109999999,
                        "lng": -72.6850932
                    }
                },
                {
                    "count": 2,
                    "location": {
                        "lat": 36.9190246,
                        "lng": -76.2699215
                    }
                },
                {
                    "count": 1,
                    "location": {
                        "lat": 34.85261759999999,
                        "lng": -82.3940104
                    }
                },
                {
                    "count": 1,
                    "location": {
                        "lat": 47.9252568,
                        "lng": -97.0328547
                    }
                },
                {
                    "count": 1,
                    "location": {
                        "lat": 29.6516344,
                        "lng": -82.32482619999999
                    }
                },
                {
                    "count": 1,
                    "location": {
                        "lat": 34.0686206,
                        "lng": -118.0275667
                    }
                },
                {
                    "count": 1,
                    "location": {
                        "lat": 53.3498053,
                        "lng": -6.2603097
                    }
                },
                {
                    "count": 1,
                    "location": {
                        "lat": 38.6820122,
                        "lng": -84.5899426
                    }
                },
                {
                    "count": 1,
                    "location": {
                        "lat": 38.9108325,
                        "lng": -75.52766989999999
                    }
                },
                {
                    "count": 1,
                    "location": {
                        "lat": 33.7748275,
                        "lng": -84.2963123
                    }
                },
                {
                    "count": 6,
                    "location": {
                        "lat": 32.7801399,
                        "lng": -96.80045109999999
                    }
                },
                {
                    "count": 2,
                    "location": {
                        "lat": 39.9611755,
                        "lng": -82.99879419999999
                    }
                },
                {
                    "count": 1,
                    "location": {
                        "lat": 4.570868,
                        "lng": -74.297333
                    }
                },
                {
                    "count": 1,
                    "location": {
                        "lat": 39.9831616,
                        "lng": -75.8238355
                    }
                },
                {
                    "count": 4,
                    "location": {
                        "lat": 41.49932,
                        "lng": -81.6943605
                    }
                },
                {
                    "count": 6,
                    "location": {
                        "lat": 41.8781136,
                        "lng": -87.6297982
                    }
                },
                {
                    "count": 1,
                    "location": {
                        "lat": 36.7682088,
                        "lng": -76.2874927
                    }
                },
                {
                    "count": 1,
                    "location": {
                        "lat": 42.9026136,
                        "lng": -78.74457199999999
                    }
                },
                {
                    "count": 4,
                    "location": {
                        "lat": 35.2270869,
                        "lng": -80.8431267
                    }
                },
                {
                    "count": 1,
                    "location": {
                        "lat": 41.9778795,
                        "lng": -91.6656232
                    }
                },
                {
                    "count": 1,
                    "location": {
                        "lat": 10.4696404,
                        "lng": -66.8037185
                    }
                },
                {
                    "count": 1,
                    "location": {
                        "lat": 40.8370495,
                        "lng": -73.86542949999999
                    }
                },
                {
                    "count": 4,
                    "location": {
                        "lat": 42.3584308,
                        "lng": -71.0597732
                    }
                },
                {
                    "count": 2,
                    "location": {
                        "lat": 33.5206608,
                        "lng": -86.80248999999999
                    }
                },
                {
                    "count": 1,
                    "location": {
                        "lat": 42.09868669999999,
                        "lng": -75.91797380000001
                    }
                },
                {
                    "count": 1,
                    "location": {
                        "lat": 30.267153,
                        "lng": -97.7430608
                    }
                },
                {
                    "count": 5,
                    "location": {
                        "lat": 33.7489954,
                        "lng": -84.3879824
                    }
                },
                {
                    "count": 1,
                    "location": {
                        "lat": 37.983917,
                        "lng": 23.7293599
                    }
                },
                {
                    "count": 1,
                    "location": {
                        "lat": 42.1945758,
                        "lng": -122.7094767
                    }
                },
                {
                    "count": 1,
                    "location": {
                        "lat": 32.735687,
                        "lng": -97.10806559999999
                    }
                },
                {
                    "count": 1,
                    "location": {
                        "lat": 42.2808256,
                        "lng": -83.7430378
                    }
                },
                {
                    "count": 1,
                    "location": {
                        "lat": 33.1031744,
                        "lng": -96.67055030000002
                    }
                },
                {
                    "count": 1,
                    "location": {
                        "lat": 54.9966124,
                        "lng": -7.3085748
                    }
                }
            ]
        ]
    }
]
