[
    {
        "retweets": [
            [
                {
                    "count": 3,
                    "location": {
                        "lat": 50.4501,
                        "lng": 30.5234
                    }
                },
                {
                    "count": 11,
                    "location": {
                        "lat": 41.00527,
                        "lng": 28.97696
                    }
                },
                {
                    "count": 1,
                    "location": {
                        "lat": 21.3069444,
                        "lng": -157.8583333
                    }
                },
                {
                    "count": 2,
                    "location": {
                        "lat": 33.325,
                        "lng": 44.422
                    }
                },
                {
                    "count": 1,
                    "location": {
                        "lat": 41.054397,
                        "lng": 28.97835
                    }
                },
                {
                    "count": 4,
                    "location": {
                        "lat": 37.983917,
                        "lng": 23.7293599
                    }
                },
                {
                    "count": 1,
                    "location": {
                        "lat": 39.92077,
                        "lng": 32.85411
                    }
                }
            ]
        ]
    }
]
