[
    {
        "retweets": [
            [
                {
                    "count": 6,
                    "location": {
                        "lat": 52.3702157,
                        "lng": 4.895167900000001
                    }
                },
                {
                    "count": 1,
                    "location": {
                        "lat": 42.6026359,
                        "lng": 20.902977
                    }
                },
                {
                    "count": 3,
                    "location": {
                        "lat": 37.983917,
                        "lng": 23.7293599
                    }
                },
                {
                    "count": 1,
                    "location": {
                        "lat": 41.2061,
                        "lng": 32.62035
                    }
                },
                {
                    "count": 2,
                    "location": {
                        "lat": 33.325,
                        "lng": 44.422
                    }
                },
                {
                    "count": 26,
                    "location": {
                        "lat": -14.235004,
                        "lng": -51.92528
                    }
                },
                {
                    "count": 5,
                    "location": {
                        "lat": -34.6037232,
                        "lng": -58.3815931
                    }
                },
                {
                    "count": 1,
                    "location": {
                        "lat": 30.0444196,
                        "lng": 31.2357116
                    }
                },
                {
                    "count": 2,
                    "location": {
                        "lat": 10.4696404,
                        "lng": -66.8037185
                    }
                },
                {
                    "count": 1,
                    "location": {
                        "lat": 33.533333,
                        "lng": -7.583333
                    }
                },
                {
                    "count": 3,
                    "location": {
                        "lat": 51.5073509,
                        "lng": -0.1277583
                    }
                },
                {
                    "count": 3,
                    "location": {
                        "lat": 19.4326077,
                        "lng": -99.133208
                    }
                },
                {
                    "count": 1,
                    "location": {
                        "lat": 43.653226,
                        "lng": -79.3831843
                    }
                },
                {
                    "count": 1,
                    "location": {
                        "lat": -8.0475458,
                        "lng": -34.8769621
                    }
                },
                {
                    "count": 1,
                    "location": {
                        "lat": 33.7293882,
                        "lng": 73.0931461
                    }
                },
                {
                    "count": 2,
                    "location": {
                        "lat": -6.2087634,
                        "lng": 106.845599
                    }
                },
                {
                    "count": 1,
                    "location": {
                        "lat": 40.4167754,
                        "lng": -3.7037902
                    }
                },
                {
                    "count": 1,
                    "location": {
                        "lat": 37.3890924,
                        "lng": -5.9844589
                    }
                },
                {
                    "count": 1,
                    "location": {
                        "lat": -30.0346316,
                        "lng": -51.2176986
                    }
                },
                {
                    "count": 1,
                    "location": {
                        "lat": 48.856614,
                        "lng": 2.3522219
                    }
                },
                {
                    "count": 4,
                    "location": {
                        "lat": -33.4691199,
                        "lng": -70.641997
                    }
                },
                {
                    "count": 1,
                    "location": {
                        "lat": 43.825592,
                        "lng": 87.61684799999999
                    }
                },
                {
                    "count": 1,
                    "location": {
                        "lat": 50.4501,
                        "lng": 30.5234
                    }
                },
                {
                    "count": 3,
                    "location": {
                        "lat": 10.9642103,
                        "lng": -74.7970435
                    }
                },
                {
                    "count": 1,
                    "location": {
                        "lat": -41.3167,
                        "lng": -72.9833
                    }
                }
            ],
            [
                {
                    "count": 1,
                    "location": {
                        "lat": 37.983917,
                        "lng": 23.7293599
                    }
                },
                {
                    "count": 5,
                    "location": {
                        "lat": -14.235004,
                        "lng": -51.92528
                    }
                },
                {
                    "count": 1,
                    "location": {
                        "lat": -34.6037232,
                        "lng": -58.3815931
                    }
                },
                {
                    "count": 1,
                    "location": {
                        "lat": -33.4691199,
                        "lng": -70.641997
                    }
                }
            ]
        ]
    }
]
