[
    {
        "retweets": [
            [
                {
                    "count": 8,
                    "location": {
                        "lat": 47.6062095,
                        "lng": -122.3320708
                    }
                },
                {
                    "count": 8,
                    "location": {
                        "lat": 51.5073509,
                        "lng": -0.1277583
                    }
                },
                {
                    "count": 6,
                    "location": {
                        "lat": -0.1806532,
                        "lng": -78.4678382
                    }
                },
                {
                    "count": 4,
                    "location": {
                        "lat": 37.7749295,
                        "lng": -122.4194155
                    }
                },
                {
                    "count": 4,
                    "location": {
                        "lat": 40.7127837,
                        "lng": -74.0059413
                    }
                },
                {
                    "count": 4,
                    "location": {
                        "lat": 41.8781136,
                        "lng": -87.6297982
                    }
                },
                {
                    "count": 4,
                    "location": {
                        "lat": 42.3584308,
                        "lng": -71.0597732
                    }
                },
                {
                    "count": 4,
                    "location": {
                        "lat": 52.3702157,
                        "lng": 4.895167900000001
                    }
                },
                {
                    "count": 3,
                    "location": {
                        "lat": 39.952335,
                        "lng": -75.16378900000001
                    }
                },
                {
                    "count": 2,
                    "location": {
                        "lat": 43.653226,
                        "lng": -79.3831843
                    }
                },
                {
                    "count": 2,
                    "location": {
                        "lat": 55.953252,
                        "lng": -3.188267
                    }
                },
                {
                    "count": 2,
                    "location": {
                        "lat": 33.533333,
                        "lng": -7.583333
                    }
                },
                {
                    "count": 2,
                    "location": {
                        "lat": 52.52000659999999,
                        "lng": 13.404954
                    }
                },
                {
                    "count": 2,
                    "location": {
                        "lat": 37.8715926,
                        "lng": -122.272747
                    }
                },
                {
                    "count": 1,
                    "location": {
                        "lat": 35.4437078,
                        "lng": 139.6380256
                    }
                },
                {
                    "count": 1,
                    "location": {
                        "lat": 34.0900091,
                        "lng": -118.3617443
                    }
                },
                {
                    "count": 1,
                    "location": {
                        "lat": -41.2864603,
                        "lng": 174.776236
                    }
                },
                {
                    "count": 1,
                    "location": {
                        "lat": 38.9071923,
                        "lng": -77.0368707
                    }
                },
                {
                    "count": 1,
                    "location": {
                        "lat": 52.2296756,
                        "lng": 21.0122287
                    }
                },
                {
                    "count": 1,
                    "location": {
                        "lat": 33.7458511,
                        "lng": -117.826166
                    }
                },
                {
                    "count": 1,
                    "location": {
                        "lat": 41.6639383,
                        "lng": -83.55521200000001
                    }
                },
                {
                    "count": 1,
                    "location": {
                        "lat": 50.90970040000001,
                        "lng": -1.4043509
                    }
                },
                {
                    "count": 1,
                    "location": {
                        "lat": 37.3875617,
                        "lng": -122.0574809
                    }
                },
                {
                    "count": 1,
                    "location": {
                        "lat": 56.49067119999999,
                        "lng": -4.2026458
                    }
                },
                {
                    "count": 1,
                    "location": {
                        "lat": 45.5234515,
                        "lng": -122.6762071
                    }
                },
                {
                    "count": 1,
                    "location": {
                        "lat": 40.85963599999999,
                        "lng": -74.42334799999999
                    }
                },
                {
                    "count": 1,
                    "location": {
                        "lat": 48.856614,
                        "lng": 2.3522219
                    }
                },
                {
                    "count": 1,
                    "location": {
                        "lat": 12.9747944,
                        "lng": 77.7032358
                    }
                },
                {
                    "count": 1,
                    "location": {
                        "lat": 45.4215296,
                        "lng": -75.69719309999999
                    }
                },
                {
                    "count": 1,
                    "location": {
                        "lat": 41.2523634,
                        "lng": -95.99798829999999
                    }
                },
                {
                    "count": 1,
                    "location": {
                        "lat": 33.1958696,
                        "lng": -117.3794834
                    }
                },
                {
                    "count": 1,
                    "location": {
                        "lat": 37.8043637,
                        "lng": -122.2711137
                    }
                },
                {
                    "count": 1,
                    "location": {
                        "lat": 28.635308,
                        "lng": 77.22496
                    }
                },
                {
                    "count": 1,
                    "location": {
                        "lat": 39.629526,
                        "lng": -79.95589679999999
                    }
                },
                {
                    "count": 1,
                    "location": {
                        "lat": 44.983334,
                        "lng": -93.26666999999999
                    }
                },
                {
                    "count": 1,
                    "location": {
                        "lat": -37.814107,
                        "lng": 144.96328
                    }
                },
                {
                    "count": 1,
                    "location": {
                        "lat": 34.0522342,
                        "lng": -118.2436849
                    }
                },
                {
                    "count": 1,
                    "location": {
                        "lat": 46.0569465,
                        "lng": 14.5057515
                    }
                },
                {
                    "count": 1,
                    "location": {
                        "lat": 38.7222524,
                        "lng": -9.1393366
                    }
                },
                {
                    "count": 1,
                    "location": {
                        "lat": 35.5019795,
                        "lng": -80.918003
                    }
                },
                {
                    "count": 1,
                    "location": {
                        "lat": 30.9842977,
                        "lng": -91.96233269999999
                    }
                },
                {
                    "count": 1,
                    "location": {
                        "lat": 53.41291,
                        "lng": -8.24389
                    }
                },
                {
                    "count": 1,
                    "location": {
                        "lat": 39.768403,
                        "lng": -86.158068
                    }
                },
                {
                    "count": 1,
                    "location": {
                        "lat": 55.864237,
                        "lng": -4.251806
                    }
                },
                {
                    "count": 1,
                    "location": {
                        "lat": 53.544389,
                        "lng": -113.4909267
                    }
                },
                {
                    "count": 1,
                    "location": {
                        "lat": -29.85868039999999,
                        "lng": 31.0218404
                    }
                },
                {
                    "count": 1,
                    "location": {
                        "lat": 53.3498053,
                        "lng": -6.2603097
                    }
                },
                {
                    "count": 1,
                    "location": {
                        "lat": 52.406822,
                        "lng": -1.519693
                    }
                },
                {
                    "count": 1,
                    "location": {
                        "lat": 38.8338816,
                        "lng": -104.8213634
                    }
                },
                {
                    "count": 1,
                    "location": {
                        "lat": 38.9896967,
                        "lng": -76.93776
                    }
                },
                {
                    "count": 1,
                    "location": {
                        "lat": 13.0597049,
                        "lng": 80.2252278
                    }
                },
                {
                    "count": 1,
                    "location": {
                        "lat": 38.0293059,
                        "lng": -78.47667810000002
                    }
                },
                {
                    "count": 1,
                    "location": {
                        "lat": 51.0453246,
                        "lng": -114.0581012
                    }
                },
                {
                    "count": 1,
                    "location": {
                        "lat": -34.6037232,
                        "lng": -58.3815931
                    }
                },
                {
                    "count": 1,
                    "location": {
                        "lat": 40.6781784,
                        "lng": -73.9441579
                    }
                },
                {
                    "count": 1,
                    "location": {
                        "lat": -27.4710107,
                        "lng": 153.0234489
                    }
                },
                {
                    "count": 1,
                    "location": {
                        "lat": -14.235004,
                        "lng": -51.92528
                    }
                },
                {
                    "count": 1,
                    "location": {
                        "lat": 43.683333,
                        "lng": -79.766667
                    }
                },
                {
                    "count": 1,
                    "location": {
                        "lat": 33.5206608,
                        "lng": -86.80248999999999
                    }
                },
                {
                    "count": 1,
                    "location": {
                        "lat": 30.267153,
                        "lng": -97.7430608
                    }
                },
                {
                    "count": 1,
                    "location": {
                        "lat": 37.983917,
                        "lng": 23.7293599
                    }
                },
                {
                    "count": 1,
                    "location": {
                        "lat": 46.1878841,
                        "lng": -123.8312534
                    }
                },
                {
                    "count": 1,
                    "location": {
                        "lat": 32.735687,
                        "lng": -97.10806559999999
                    }
                }
            ],
            [
                {
                    "count": 1,
                    "location": {
                        "lat": 33.4269728,
                        "lng": -117.6119925
                    }
                }
            ]
        ]
    }
]
