[
    {
        "retweets": [
            [
                {
                    "count": 1,
                    "location": {
                        "lat": 41.91252859999999,
                        "lng": -88.13479269999999
                    }
                },
                {
                    "count": 1,
                    "location": {
                        "lat": 31.7775757,
                        "lng": -106.4424559
                    }
                },
                {
                    "count": 1,
                    "location": {
                        "lat": 36.7468422,
                        "lng": -119.7725868
                    }
                },
                {
                    "count": 1,
                    "location": {
                        "lat": 32.7678287,
                        "lng": -117.0230839
                    }
                },
                {
                    "count": 1,
                    "location": {
                        "lat": 33.4483771,
                        "lng": -112.0740373
                    }
                },
                {
                    "count": 1,
                    "location": {
                        "lat": 37.5407246,
                        "lng": -77.4360481
                    }
                },
                {
                    "count": 1,
                    "location": {
                        "lat": 38.5815719,
                        "lng": -121.4943996
                    }
                },
                {
                    "count": 1,
                    "location": {
                        "lat": 25.4267244,
                        "lng": -100.9954254
                    }
                },
                {
                    "count": 1,
                    "location": {
                        "lat": 49.091958,
                        "lng": 1.488107
                    }
                },
                {
                    "count": 3,
                    "location": {
                        "lat": 51.5073509,
                        "lng": -0.1277583
                    }
                },
                {
                    "count": 1,
                    "location": {
                        "lat": 52.4750743,
                        "lng": -1.829833
                    }
                },
                {
                    "count": 1,
                    "location": {
                        "lat": 52.3702157,
                        "lng": 4.895167900000001
                    }
                },
                {
                    "count": 1,
                    "location": {
                        "lat": -33.9248685,
                        "lng": 18.4240553
                    }
                },
                {
                    "count": 1,
                    "location": {
                        "lat": 46.0569465,
                        "lng": 14.5057515
                    }
                },
                {
                    "count": 1,
                    "location": {
                        "lat": 52.52000659999999,
                        "lng": 13.404954
                    }
                },
                {
                    "count": 1,
                    "location": {
                        "lat": -0.1806532,
                        "lng": -78.4678382
                    }
                },
                {
                    "count": 1,
                    "location": {
                        "lat": 55.6760968,
                        "lng": 12.5683371
                    }
                },
                {
                    "count": 1,
                    "location": {
                        "lat": 43.653226,
                        "lng": -79.3831843
                    }
                },
                {
                    "count": 1,
                    "location": {
                        "lat": -22.9082998,
                        "lng": -43.1970773
                    }
                },
                {
                    "count": 2,
                    "location": {
                        "lat": -33.8674869,
                        "lng": 151.2069902
                    }
                }
            ]
        ]
    }
]
