[
    {
        "retweets": [
            [
                {
                    "count": 1,
                    "location": {
                        "lat": 51.54327,
                        "lng": -0.00187
                    }
                }
            ],
            [
                {
                    "count": 1,
                    "location": {
                        "lat": 42.331427,
                        "lng": -83.0457538
                    }
                },
                {
                    "count": 2,
                    "location": {
                        "lat": 35.9606384,
                        "lng": -83.9207392
                    }
                },
                {
                    "count": 3,
                    "location": {
                        "lat": 41.8781136,
                        "lng": -87.6297982
                    }
                },
                {
                    "count": 1,
                    "location": {
                        "lat": 52.806693,
                        "lng": -2.12066
                    }
                },
                {
                    "count": 1,
                    "location": {
                        "lat": 32.735687,
                        "lng": -97.10806559999999
                    }
                },
                {
                    "count": 1,
                    "location": {
                        "lat": 30.267153,
                        "lng": -97.7430608
                    }
                },
                {
                    "count": 1,
                    "location": {
                        "lat": 42.3584308,
                        "lng": -71.0597732
                    }
                },
                {
                    "count": 1,
                    "location": {
                        "lat": -14.235004,
                        "lng": -51.92528
                    }
                },
                {
                    "count": 1,
                    "location": {
                        "lat": 51.0453246,
                        "lng": -114.0581012
                    }
                },
                {
                    "count": 1,
                    "location": {
                        "lat": 35.9131996,
                        "lng": -79.0558445
                    }
                },
                {
                    "count": 1,
                    "location": {
                        "lat": 4.570868,
                        "lng": -74.297333
                    }
                },
                {
                    "count": 1,
                    "location": {
                        "lat": 39.9611755,
                        "lng": -82.99879419999999
                    }
                },
                {
                    "count": 2,
                    "location": {
                        "lat": 32.7801399,
                        "lng": -96.80045109999999
                    }
                },
                {
                    "count": 1,
                    "location": {
                        "lat": 39.7589478,
                        "lng": -84.1916069
                    }
                },
                {
                    "count": 1,
                    "location": {
                        "lat": 41.9294736,
                        "lng": -88.75036469999999
                    }
                },
                {
                    "count": 1,
                    "location": {
                        "lat": 37.831316,
                        "lng": -122.2852473
                    }
                },
                {
                    "count": 1,
                    "location": {
                        "lat": 36.0726354,
                        "lng": -79.7919754
                    }
                },
                {
                    "count": 1,
                    "location": {
                        "lat": 43.5448048,
                        "lng": -80.24816659999999
                    }
                },
                {
                    "count": 1,
                    "location": {
                        "lat": 38.9071923,
                        "lng": -77.0368707
                    }
                },
                {
                    "count": 1,
                    "location": {
                        "lat": 53.72702,
                        "lng": -1.85754
                    }
                },
                {
                    "count": 1,
                    "location": {
                        "lat": 38.84622359999999,
                        "lng": -77.30637329999999
                    }
                },
                {
                    "count": 1,
                    "location": {
                        "lat": 39.768403,
                        "lng": -86.158068
                    }
                },
                {
                    "count": 1,
                    "location": {
                        "lat": 53.3498053,
                        "lng": -6.2603097
                    }
                },
                {
                    "count": 1,
                    "location": {
                        "lat": 39.7047095,
                        "lng": -105.0813734
                    }
                },
                {
                    "count": 1,
                    "location": {
                        "lat": 40.809722,
                        "lng": -96.67527799999999
                    }
                },
                {
                    "count": 5,
                    "location": {
                        "lat": 34.0522342,
                        "lng": -118.2436849
                    }
                },
                {
                    "count": 1,
                    "location": {
                        "lat": 53.3572085,
                        "lng": -6.4498488
                    }
                },
                {
                    "count": 1,
                    "location": {
                        "lat": 44.0886059,
                        "lng": -87.657584
                    }
                },
                {
                    "count": 1,
                    "location": {
                        "lat": 23.2494148,
                        "lng": -106.4111425
                    }
                },
                {
                    "count": 1,
                    "location": {
                        "lat": 42.3265152,
                        "lng": -122.8755949
                    }
                },
                {
                    "count": 1,
                    "location": {
                        "lat": -37.814107,
                        "lng": 144.96328
                    }
                },
                {
                    "count": 3,
                    "location": {
                        "lat": 40.7127837,
                        "lng": -74.0059413
                    }
                },
                {
                    "count": 1,
                    "location": {
                        "lat": 52.240477,
                        "lng": -0.9026560000000001
                    }
                },
                {
                    "count": 1,
                    "location": {
                        "lat": 37.4418834,
                        "lng": -122.1430195
                    }
                },
                {
                    "count": 1,
                    "location": {
                        "lat": 39.952335,
                        "lng": -75.16378900000001
                    }
                },
                {
                    "count": 1,
                    "location": {
                        "lat": 53.68777799999999,
                        "lng": -132.168889
                    }
                },
                {
                    "count": 1,
                    "location": {
                        "lat": 45.5234515,
                        "lng": -122.6762071
                    }
                },
                {
                    "count": 5,
                    "location": {
                        "lat": -0.1806532,
                        "lng": -78.4678382
                    }
                },
                {
                    "count": 1,
                    "location": {
                        "lat": 38.7521235,
                        "lng": -121.2880059
                    }
                },
                {
                    "count": 5,
                    "location": {
                        "lat": 37.7749295,
                        "lng": -122.4194155
                    }
                },
                {
                    "count": 1,
                    "location": {
                        "lat": 47.6062095,
                        "lng": -122.3320708
                    }
                },
                {
                    "count": 1,
                    "location": {
                        "lat": 41.7614181,
                        "lng": -88.443686
                    }
                },
                {
                    "count": 1,
                    "location": {
                        "lat": 34.1705609,
                        "lng": -118.8375937
                    }
                },
                {
                    "count": 1,
                    "location": {
                        "lat": 40.44062479999999,
                        "lng": -79.9958864
                    }
                },
                {
                    "count": 1,
                    "location": {
                        "lat": 47.8929771,
                        "lng": 11.7794156
                    }
                },
                {
                    "count": 1,
                    "location": {
                        "lat": 49.261226,
                        "lng": -123.1139268
                    }
                },
                {
                    "count": 1,
                    "location": {
                        "lat": 45.4408474,
                        "lng": 12.3155151
                    }
                },
                {
                    "count": 2,
                    "location": {
                        "lat": 49.8997541,
                        "lng": -97.1374937
                    }
                }
            ],
            [
                {
                    "count": 1,
                    "location": {
                        "lat": 37.8715926,
                        "lng": -122.272747
                    }
                },
                {
                    "count": 1,
                    "location": {
                        "lat": 44.4758825,
                        "lng": -73.21207199999999
                    }
                },
                {
                    "count": 1,
                    "location": {
                        "lat": 38.0405837,
                        "lng": -84.5037164
                    }
                },
                {
                    "count": 2,
                    "location": {
                        "lat": 33.4483771,
                        "lng": -112.0740373
                    }
                },
                {
                    "count": 1,
                    "location": {
                        "lat": 38.9071923,
                        "lng": -77.0368707
                    }
                }
            ]
        ]
    }
]
